tool_name,PMID,publicationDOI,URL,biotoolsID,commit_id_260317
MDSuite,36774469,10.1186/s13321-023-00687-y,https://github.com/zincware/MDSuite,,"da1f4ec346d50613b05773f1cc9b117adeda6f11
85412c18b9c09efc725b9edccf48da0a70dbbff0"
XeroGraph,40061871,10.1093/bioadv/vbaf035,https://github.com/kazilab/XeroGraph,,df54576b3a5ff4af074a82162d9787dcdb7aa86d
qgg,37882742,10.1093/bioinformatics/btad656,https://github.com/psoerensen/qgg/,,788038f0895e1bf271db6b5ced57d491ae904125
distAngsd,35647675,10.1093/molbev/msac119,https://github.com/lz398/distAngsd,,d5a9ecbdb7c440dc10a536dc16fedecdf3c9f060
TransExION,38807166,10.1186/s13321-024-00858-5,https://github.com/banhdzui/TransExION,,82d810d87d60e10042dd8617e3ae514c43615fb5
HAYSTAC,36178955,10.1371/journal.pcbi.1010493,https://github.com/antonisdim/HAYSTAC,,1c6815de88dfba6e7d89b21a9312d37ffeb17fea
BiomiX,39794699,10.1186/s12859-024-06022-y,https://github.com/IxI-97/BiomiX,,ace21907883b8b7994a5183a55a15f260cb4b61b
WISH-R,33733355,,https://github.com/QSG-Group/WISH,,2466dcf957c4c2a63fd026d5e686925baa0f43a5
qdiv,32917275,10.1186/s40168-020-00909-7,https://github.com/omvatten/qdiv,,c011381dd173149f66beff3a06251911e0356641
MiFoDB,40827925,10.1128/msystems.00141-25,https://github.com/elisacaffrey/MiFoDB,,e21ef1d4d5bd3cc2081cbe1a0ab595dfa101c82f
NeuroDevSim,37547492,10.3389/fninf.2023.1212384,https://github.com/CNS-OIST/NeuroDevSim,,5245093a863504fde1698ca9661a5657f097baba
EARS,41262171,10.1155/bmri/2142254,https://github.com/gustavstalhammar-ui/EARS,,991ff74dbc35f8085b30bb4a13b61b54e838c402
Adera2.0,36234990,10.3390/molecules27196453,https://github.com/michel-phylo/ADERA2.0,,3e4d02e24d6c73ab6becfa72820a7442ac456d19
COBY,40354253,10.1021/acs.jcim.5c00069,https://github.com/MikkelDA/COBY,,84c988229caf59a999d4c87532d8288e34c0bc20
BLAMM,32164557,10.1186/s12859-020-3348-6,https://github.com/biointec/blamm,,037e4b93fdf8eec2a81d2b5eb44dd5c14ea3c917
parallelproj,39355030,10.3389/fnume.2023.1324562,https://github.com/gschramm/parallelproj,,7f599947ea4af29d9081895ff48663a506ea6d02
SMARTER-database,39473492,10.46471/gigabyte.139,https://github.com/cnr-ibba/SMARTER-database,,61b51548b3bad7805969f4e047117eeef8c1b05e
SpecieScan,38337062,10.1093/bioinformatics/btae054,https://github.com/mesve/SpecieScan,,20f22f54a979fddacd7dc96baa56afd4f5236b54
CPSign,38943219,10.1186/s13321-024-00870-9,https://github.com/arosbio/cpsign,,bf6d35309cc48f2f13fabbae8101abce33a6bb50
GOUHFI,41158555,10.1162/IMAG.a.960,https://github.com/mafortin/GOUHFI,,3c9f3a8c6d7aabf35e34f32245a7c36bf78db33b
Deuteros 2.0,32722756,10.1093/bioinformatics/btaa677,https://github.com/andymlau/Deuteros_2.0,,908f2a45f4e4bec9d950b1aa3001e08b4ad3de21
CONCOMPRA,39679438,10.1093/bib/bbae642,https://github.com/willem-stock/CONCOMPRA,,7a957d151bfe5f22fe2fbee6095cb919f8493600
CANVAR,39382066,10.1002/mgg3.70020,https://github.com/kraesing/CANVAR,,aed3ca79eca297aa5969ce5c5cf1000d0d0c60c3
osl-dynamics,38285016,10.7554/eLife.91949,https://github.com/OHBA-analysis/osl-ephys,,d4bf635399a4556a8e8dd6d8c2007aa475f731db
LocalNgsRelate,34718411,10.1093/bioinformatics/btab732,https://github.com/idamoltke/LocalNgsRelate,,fa274ab3195074dd1c521ea1726e745217076147
REINVENT 4,38383444,10.1186/s13321-024-00812-5,https://github.com/MolecularAI/REINVENT4,,5e67f40eedbb4c617710f8156b1db585cd789770
webFlaGs,32956448,10.1093/bioinformatics/btaa788,https://github.com/GCA-VH-lab/FlaGs,,437eaf57a27ec6f8c12cb5a02d453159060f9068
MutateX,35323860,,https://github.com/ELELAB/mutatex,,56dbd8c0b627f222c09fc6c5ef6571e73c5af62c
PatientMatcher,35192731,10.1002/humu.24358,https://github.com/Clinical-Genomics/patientMatcher,,8f233acad221bb4d62d1bbc51710a2bafb8d4c6d
CyCadas,39374546,10.1093/bioinformatics/btae595,https://github.com/DII-LIH-Luxembourg/cycadas,,0aa2d92158de54476807e90881597b4952ba53c5
ARGprofiler,38377397,10.1093/bioinformatics/btae086,https://github.com/genomicepidemiology/ARGprofiler,,221865b59d1a1356563ff8bc9b0033ad7bf184e9
blik,38687779,10.1371/journal.pbio.3002447,https://github.com/brisvag/blik,,65b63f8f38165f1002ffccc74831257d7ebac89f
ONT-AmpSeq,39109544,10.1002/2211-5463.13868,https://github.com/MathiasEskildsen/ONT-AmpSeq,,4f0694de31a587342383ba12a6b4661ef1a08a6b
PhyloES,37889263,10.1093/bioinformatics/btad660,https://github.com/andygaspar/PHYLOES,,1739cdd4a5190c7a6a2130751f3b7c50aa2b45fa
PhaLP,34206969,10.3390/v13071240,https://github.com/bjcriel/PhaLP,,0620e75e304543996b0841650caaab81d365b9f4
COSS,35446579,,https://github.com/compomics/COSS,,202e7b0a87d9cd8362242fac0afa3e0f168ca9ee
COSS,35446579,,https://github.com/compomics/COSS,,202e7b0a87d9cd8362242fac0afa3e0f168ca9ee
DTU-DADS-Aqua,34152091,,https://github.com/upei-aqua/DTU-DADS-Aqua,,e0401eef009ea71c1004a48c32b8434bb7400ef6
voomCLR,41275420,10.1093/bioinformatics/btaf637,https://github.com/johnsonandjohnson/voomCLR,,c9c34ed1af4678401bc54fe3036501b1f5db10ae
UCEasy,34934383,10.3897/BDJ.9.e78132,https://github.com/uceasy/uceasy,,a01c4315ca855df01c7f753b2298864a7bc85f5d
ScreenDB,36802528,10.1021/acs.analchem.2c03769,https://github.com/ucph-rka/ScreenDB,,ee6344fbe8b2ae2b9945856c7dca930798be59d2
SBMLtoOdin,40892010,10.1093/bioinformatics/btaf484,https://github.com/bacpop/SBMLtoOdin,,708aa424651f99437cc7c3ac9334cea430d603bc
MASSef,38711578,10.1016/j.mec.2024.e00234,http://github.com/opencobra/massef,,b8b50105f4ef2142895fd34276eee2e811033d50
pypgatk,34904638,10.1093/bioinformatics/btab838,https://github.com/bigbio/pgatk/,,b9f8d170b076c3c6b43df488c073d4f433eadeac
proChIPdb,34791440,10.1093/nar/gkab1043,https://github.com/SBRG/ChIPdb,,cd0946db96ce7debe57e81cf529a8ca5df62de29
gACSON,35436661,,https://github.com/Andrea-Behanova/gACSON,,72a4a5fdf5e06605ff17c19ddc0b063fa0712e76
PepGM,37129543,10.1093/bioinformatics/btad289,https://github.com/BAMeScience/PepGM,,61d90e16175bf5feb75478230e0b7b30b04e5e1a
pycabnn,32733226,10.3389/fninf.2020.00031,https://github.com/CNS-oist/pycabnn,,e346b5436d3bf265b527669708eb611a8cf12abc
SNPeffect,37464277,10.1186/s12859-023-05407-9,https://github.com/vibbits/snpeffect,,67b65058cb5450f14374d20580f44c6f194e246f
CBMOS,35100968,10.1186/s12859-022-04575-4,https://github.com/somathias/cbmos,,0ed88afdb4ed0589db66d9139f53c7bfc89e94c6
SQUiD,39696687,10.1186/s13059-024-03447-9,https://github.com/G2Lab/SQUiD/,,3f5931928a143c3f4bb5a85413627a12710daeff
NGSpeciesID,33598139,10.1002/ece3.7146,https://github.com/ksahlin/NGSpeciesID,,962ecdd7f74a197d199741cc3bd861b31aaa4207
DiazoTIME,41025798,10.1128/mra.00897-25,https://github.com/Aquatic-Nitrogen-Fixation-RCN/RCO1-nfixBiodiversity_DiazoTIME,,76e5b2767f89161a5485472ea47d4460f029d0aa
SUBATOMIC,36064320,10.1186/s12859-022-04908-3,https://github.com/CBIGR/SUBATOMIC,,01167e390a711440c97d3b0ecac5f2731e71ae41
SmartGraph,33430980,10.1186/s13321-020-0409-9,https://github.com/ncats/smartgraph_backend,,7e632474ed2434ed26d49b5df8ef63bb04ad1e5f
RegiSTORM,37277712,10.1186/s12859-023-05320-1,https://github.com/oystein676/RegiSTORM,,211e921ce047b1bbd0e2d763231f87c1bd682fc2
MUFFIN,33561126,10.1371/journal.pcbi.1008716,https://github.com/RVanDamme/MUFFIN,,7e9447e7de85a8e11a09e70ebed824e06ef35457
VISION,39258319,10.1242/jcs.262166,https://github.com/biosciflo/VISION,,91e0f2e9c4fb81575a632f662d3b910cd91537fd
uafR,38968199,10.1371/journal.pone.0306202,http://github.org/castratton/uafR,,a4b1fbfae19b4e069b87dc841787170e9efcc663
NGSNGS,36661298,10.1093/bioinformatics/btad041,https://github.com/RAHenriksen/NGSNGS,,9422b47bbeff0cc756ac2ab046e19996a0813d78
NXTfusion,37255310,10.1093/bioinformatics/btad348,https://github.com/eugeniomazzone/CPI-NXTFusion,,a19d739bc0dc42d76e3d542619dcfc4303a04b21
maelstRom,41188181,10.1093/gigascience/giaf125,http://github.com/Biobix/maelstRom,,862a5aea8010650ba14347aed45388b21c732891
GRASP,36699366,10.1093/bioadv/vbac066,http://github.com/biosustain/GRASP,,906c562d99609682d86983b883521c3c507a4b50
Chemprop,38147829,10.1021/acs.jcim.3c01250,http://github.com/chemprop/chemprop,,e3c13f091ee17f0ab905d955d9ab20666c1e89d0
PDBminer,37977136,,http://github.com/ELELAB/PDBminer,,0cfc4056d5d019b680edec0257dbe136afcf7a0f
PTRA,37992021,10.1371/journal.pdig.0000384,http://github.com/ExaScience/ptra,,90ce7d6db6e01fa887d4d15db4d3b3020da3615c
BIGwas,34184051,10.1093/gigascience/giab047,http://github.com/ikmb/gwas-qc,,1d85f7dcafd86c3fc380854fa6c0062f3552c6a5
Introducing ActiveInference.jl,39851682,10.3390/e27010062,http://github.com/ComputationalPsychiatry/ActiveInference.jl,,21216affd7f3ac20e28a4f7a11d68e13bc202f4f
ISA API,34528664,10.1093/gigascience/giab060,http://github.com/ISA-tools/isa-api/,,e224f917eb4e8eaf73e1e303decc886e7acf202c
DEER-PREdict,33481784,10.1371/journal.pcbi.1008551,http://github.com/KULL-Centre/DEERpredict,,0ebb50fe05c90d49159b7d95eaed3cc5fd5816e2
FRETpredict,38461354,10.1038/s42003-024-05910-6,http://github.com/KULL-Centre/FRETpredict,,e69256452d43dccd8a124f56b24d70dc51efdade
mOTUlizer,35979445,10.1093/nargab/lqac060,http://github.com/moritzbuck/mOTUlizer,,fe4237a8f983069622a6497159f071c5d4f4fd2e
Gretel,33444437,10.1093/bioinformatics/btaa977,http://github.com/samstudio8/gretel,,eb1041aad4756ef61aa2442f9af13ee4c2f5372d
fastDFE,38577958,10.1093/molbev/msae070,http://github.com/Sendrowski/fastDFE,,b7188279c65b963e6c3105790f1d5e1fda8326f6
Biosaur,33450063,,https://github.com/abdrakhimov1/Biosaur,,b0e4d5b9ea6edba272e97bec1c5dbdaaea4a1d10
RootPainter,35851958,10.1111/nph.18387,https://github.com/Abe404/root_painter,,c50499c8afe78d3ab4bbfe3985030a24ec612cbd
DNAModAnnot,33471071,10.1093/bioinformatics/btab032,https://github.com/AlexisHardy/DNAModAnnot,,1a2b344dc2d10b349c1f5d4a7129555b59dedea7
ClusterFinder,38420993,10.1107/S2053273324001116,https://github.com/AndySAnker/ClusterFinder,,b7849e6f9fa0499eb197de30be09ef9dbb3d0aa4
RBDtector,36463304,10.1038/s41598-022-25163-9,https://github.com/aroethen/RBDtector,,7c9c73d231a29d8ccf56d7eec69ae117ae781c0c
OpenMandible,33602549,,https://github.com/ArsoVukicevic/OpenMandible,,e1f8cef196adb29149a2193ffb0cb05dab631420
FRAGLER,35797032,10.1021/acssynbio.2c00106,https://github.com/AstraZeneca/fragler,,3847def90a50cf46f54a937b4e3f0ab86849c511
iAUSAXS,40765969,10.1107/S160057672500562X,https://github.com/AUSAXS/AUSAXS,,80cac8f3591c3877c1b3e82d6185099213d93d5f
AtlasGrabber,36526955,10.1186/s12859-022-05097-9,https://github.com/b3nb0z/AtlasGrabber,,8878335c6c4c73ae13a342068f0b44938dd18fb6
PRONAME,39758955,10.3389/fbinf.2024.1483255,https://github.com/benn888/PRONAME,,50a2be8d42183a83571cc6296c284e0033e7e0b9
SOAPTyping,32640979,10.1186/s12859-020-03624-0,https://github.com/BGI-flexlab/SOAPTyping,,c301841344fff53adb68a1701332e72c04a25ee1
Circr,36304313,10.3389/fbinf.2022.852834,https://github.com/bicciatolab/Circr,,22a50bbac172a4ad11d93f5794a1da75085e46ba
DDtrek,40488029,10.1021/acsomega.4c07417,https://github.com/BiocrystLab/DDtrek,,9a0f1064c17d6a5fa0c705f26a64783ad535ec77
Columba,34235407,10.1016/j.isci.2021.102687,https://github.com/biointec/columba,,919f207757c347541dea2fad6925fabfdd19ff24
spectrum_utils,36688502,,https://github.com/bittremieuxlab/spectrum_utils,,b6e5d488e20619ae0eef3ecfb508b84036793154
ForSys,41158865,10.1016/j.isci.2025.113685,https://github.com/borgesaugusto/forsys,,18bdbf77fb73a65500e05e8c6aae28f168006ada
COSORE,33026137,10.1111/gcb.15353,https://github.com/bpbond/cosore,,02f32e8e7f9a0f1c26c9dad61c574aef863f1df1
IRIDIA-AF,37853076,10.1038/s41597-023-02621-1,https://github.com/cedricgilon/iridia-af,,9507310438a6862e2faa153bd741723ff5b73ce1
CompareM2,40971807,10.1093/bioinformatics/btaf517,https://github.com/cmkobel/comparem2,,2baaf8e0b20322ac65836b7365b4ab310e9a7f47
Pheno-Ranker,39633268,10.1186/s12859-024-05993-2,https://github.com/CNAG-Biomedical-Informatics/pheno-ranker,,1e532a02e1b0a9fe828525bddf761752f008e3d6
BMAT,36451357,10.1016/j.nicl.2022.103252,https://github.com/ColinVDB/BMAT,,07e4cee04c12d81ee6be5c6a8b939f5c8be34673
COSGAP,38808072,10.1093/bioadv/vbae067,https://github.com/comorment/containers,,5f7d420197ccff8853f2758ab6feff5017192df0
pytximport,39565903,10.1093/bioinformatics/btae700,https://github.com/complextissue/pytximport,,cc3d52f9a1717cb58db1e732246aba7330008a27
COSS,32384242,,https://github.com/compomics/COSS,,202e7b0a87d9cd8362242fac0afa3e0f168ca9ee
COSS,32384242,,https://github.com/compomics/COSS,,202e7b0a87d9cd8362242fac0afa3e0f168ca9ee
MS2Rescore,38491990,,https://github.com/compomics/ms2rescore,,d4121cad220add428266e82596a23242fdee1784
psm_utils,36508242,,https://github.com/compomics/psm_utils,,22e64426a9d3d2ea3456fac1c7e7a3cc5e6479a5
meRgeION,37218737,,https://github.com/daniellyz/meRgeION2,,97e8d0afff76dbe2a43e4679187fe7b28a9d4820
DepoScope,39102416,10.1371/journal.pcbi.1011831,https://github.com/dimiboeckaerts/DepoScope,,0bdc7a8be8f2668706eadb50272c69853b51c8a0
ibmd,33362981,10.7717/peerj.10557,https://github.com/DoseResponse/bmd,,cb88643d508c6c2f415a931c06f171216eb66824
getphylo,39827349,10.1186/s12859-025-06035-1,https://github.com/drboothtj/getphylo_benchmarking,,2bbf6af65544270d575555d8459cc001bb180f5d
BioMOBS,38096184,10.1371/journal.pone.0295361,https://github.com/driesheylen123/BioMOBS,,9e98326378017c66c4ac83b56e666a65ae5cb685
Lemon-Tree,31688915,10.1093/bioinformatics/btz805,https://github.com/erbon7/lemon-tree,,fe6b641ed7e52e2f4b02acf7bc7787340e4eaa9c
GEnView,34951622,10.1093/bioinformatics/btab855,https://github.com/EbmeyerSt/GEnView,,7bbd42a96349b1c45b3f751429d3394d5d520519
CAMPP,32176694,10.1371/journal.pcbi.1007665,https://github.com/ELELAB/CAncer-bioMarker-Prediction-Pipeline-CAMPP,,cff2dd2ca112812599e31a1c1c8e6e685d8dfa02
iLipidDyn,35860415,10.1016/j.csbj.2022.06.054,https://github.com/ELELAB/LipidDyn,,d8072c01f80809f82b4bcd14c71635b3ac679fb8
TADA,38060257,10.1093/bioinformatics/btad742,https://github.com/emilhaegglund/TADA,,ca5918682c502a84c2bebb7fdbfc5b56cd3cf68f
Peptimetric,36303760,10.3389/fbinf.2021.722466,https://github.com/ErikHartman/peptimetric,,578c7631d3cc978a5e22af7934fbacc7ac75b0d5
MkVsites,32282082,10.1002/jcc.26198,https://github.com/ErikMarklund/mkvsites,,3878974cc9f744adfad2488470b5c1fc8ef48b2e
ComplexTome,39276156,10.1093/bioinformatics/btae552,https://github.com/farmeh/ComplexTome_extraction,,12a4c9c1b6054df39b91c9d3f8efff3f440e4dde
FlexTaxD,34469515,,https://github.com/FOI-Bioinformatics/flextaxd,,6573d29bad4d0673ff9b2f4665c0e9aaff454a49
SARS-CoV-2,32790776,10.1371/journal.ppat.1008643,https://github.com/galaxyproject/SARS-CoV-2,,80016ca42cf3340e19bdc4b8107d43139c7350a0
SpanSeq,39157582,10.1093/nargab/lqae106,https://github.com/genomicepidemiology/SpanSeq,,9025dceb9d0ab10a92eab50cb557a4626ef34a1b
geckopy,37931133,10.1128/spectrum.01705-23,https://github.com/ginkgobioworks/geckopy,,483936200ff0090bcea09944f882549f61c9fe3f
ArcTiCA,38310137,10.1038/s41597-024-03012-w,https://github.com/hart-davis/ARCTiCA/,,850b945f83a6549a120a9d9a08db7cd860a0ec1a
PyAMARES,39682576,10.3390/diagnostics14232668,https://github.com/HawkMRS/pyAMARES,,145f817d28cd387a25ef8abc6a9c6e236dd2696b
EagleImp,36130053,10.1093/bioinformatics/btac637,https://github.com/ikmb/eagleimp,,d06903d588ad302c6fd93d533f9b149a7cff6ca4
OmicsVolcano,33532728,10.1016/j.xpro.2020.100279,https://github.com/IrinaVKuznetsova/OmicsVolcano,,58379cfa5aea5b06df44e186942b7a319dcd6352
vcfgl,40045175,10.1093/bioinformatics/btaf098,https://github.com/isinaltinkaya/vcfgl,,da6a334609d8dfaca59034db6a80d158d4c4cb9b
brainageR,37843020,10.1002/hbm.26502,https://github.com/james-cole/brainageR,,3f53965001a992bf54cea46382e10c5b96c40a15
pyCancerSig,32245405,10.1186/s12859-020-3451-8,https://github.com/jessada/pyCancerSig,,eafc86d032abf4ab03cec10f49cbac4bce2e072d
ClusterApp,39045504,10.1002/ece3.11695,https://github.com/JohannaMz/ClusterApp,,2f3585b73daba423659af9e6bcd8c192bd739647
Tquery,36091995,10.7717/peerj-cs.1037,https://github.com/jolie/tquery,,2bd9ac0dd5ecb9a9b9772d5314060fdb56b44b21
MODER2,31999322,10.1093/bioinformatics/btaa045,https://github.com/jttoivon/moder2,,e89ab1d1229845e38a6ebc948eb40c189e907ff1
Simultant,35597909,10.1186/s12859-022-04728-5,https://github.com/juliusbierk/simultant,,9d454b58797399f60812c4d8c482a57e82b5dba7
NGSremix,34015083,10.1093/g3journal/jkab174,https://github.com/KHanghoj/NGSremix,,0fe49fead55eeb40fe6cc9ce36c36edc3670ab75
pycofitness,38335928,10.1093/bioinformatics/btae074,https://github.com/KIT-MBS/pycofitness,,ed078604e2f909c47349dffc0419c901e1755ffc
MS2Quant,37548594,10.1021/acs.analchem.3c01744,https://github.com/kruvelab/MS2Quant,,d01f631a9c434a1eb2548ac53e38374f905355b8
MS2Tox,36269851,10.1021/acs.est.2c02536,https://github.com/kruvelab/MS2Tox,,4cc84c5bbec05afa4fc46e46ba6f52084941d868
kboolnet,37308855,10.1186/s12859-023-05329-6,https://github.com/Kufalab-UCSD/kboolnet,,10b9380eeba9531f48db0a657b366351a9413840
ion-to-image i2i,37505508,10.1021/acs.analchem.3c01615,https://github.com/LanekoffLab/i2i,,4d5496bc4cb3e9750582bbec66e019c298e6785c
EDIR,36453866,10.1093/bioinformatics/btac771,https://github.com/lauravongoc/EDIR,,d3b813c1e7df3b1239e8f8f010115c89b07151ce
xrdPlanner,38306298,10.1107/S1600577523011086,https://github.com/LennardKrause/xrdPlanner,,22052a15c46ee8ab1f8485c708050535df517760
TensorView MATLAB,36610267,10.1016/j.ssnmr.2022.101849,https://github.com/LeoSvenningsson/TensorViewforMatlab,,f2f92b5a81f6a6081bf9338c778ad13e0eb6728a
STmut,38037084,10.1186/s13059-023-03121-6,https://github.com/limin321/stmut,,8a1a61ee23d6e239320c06d1de11c4b931b84063
CVRmap,38538633,10.1038/s41598-024-57572-3,https://github.com/ln2t/cvrmap,,b833410c9d0093614b0d777ba843913348b71601
OpenCustomDB,36961377,10.1021/acs.jproteome.3c00054,https://github.com/MAB-Lab/OpenCustomDB,,0e27fcb715fabea8b985aede7ad77140d159032c
MSLibrarian,35042333,10.1021/acs.jproteome.1c00796,https://github.com/MarcIsak/MSLibrarian,,435357a577debd37637d3466a300909c254438da
ARBitR,33216122,10.1093/bioinformatics/btaa975,https://github.com/markhilt/ARBitR,,9a73a205c488b766c6547d6d3ec68a5634b3a989
Panqc,40341387,10.1093/bioinformatics/btaf219,https://github.com/maxgmarin/panqc,,b19db4e7cda1747485e1bf70b1113aa8033d9849
MaRe,32369166,10.1093/gigascience/giaa042,https://github.com/mcapuccini/MaRe,,329c31cb8fb35a4c5fbca39bb2fd5ca3454835a6
BFEX,40051453,10.1002/ece3.71093,https://github.com/MiguelDLM/BFEX,,ee254bb7f24d847a9758e6ad2b0d6bff7f1e9c83
Neo4COVID19,35057621,10.1021/acs.jcim.1c00431,https://github.com/ncats/neo4covid19,,8ad3e2457773653795fc7bdd037b6dfd97a11f62
soibean,39361595,10.1093/molbev/msae203,https://github.com/nicolaavogel/soibeanDatabase,,e1662f3678ab0499056d090f2cde3949beab4f32
ThoughtSource,37553439,10.1038/s41597-023-02433-3,https://github.com/OpenBioLink/ThoughtSource,,760b2c7f536759fb1b487d2cc5d789236fcba737
CNNGWP,32117441,10.3389/fgene.2020.00025,https://github.com/patwa67/CNNGWP,,eb999f1146c7ea3b93481bc3fedfd0ae49f29026
Met-ID,40253716,10.1021/acs.analchem.5c00633,https://github.com/pbjarterot/Met-ID,,dbaed695307b7d553ad0190208e58f3429e04c4f
Demes,36173327,10.1093/genetics/iyac131,https://github.com/popsim-consortium/demes-python,,4bc3f959867ea67aba71bed999be8d92eece7297
MagicalRsq-X,38636510,10.1016/j.ajhg.2024.04.001,https://github.com/quansun98/MagicalRsqX,,f47345ceabe729f9c60e2ce428cd49595f9f94ec
BacSPaD,39204272,10.3390/pathogens13080672,https://github.com/ribeirosara/BacSPaD,,ef292b592d46581b19d8623b70ac9708a303468c
MultiStageSearch,40384001,10.1021/acs.jproteome.4c00901,https://github.com/rki-mf2/MultiStageSearch,,5a3e0ab3bba641d52fbba7fb64bf8c14246591af
DeepMAP,40092793,10.1021/acsomega.4c09485,https://github.com/SAbakumov/DeepMAP,,32aa4786c5731f918daba3462e972f30dc229134
MP-Net,35704628,10.1371/journal.pone.0269449,https://github.com/sanghyeonp/MP-Net,,c796c8e7a23a8440cff44511de444efe684815e4
ParaRef,41131579,10.1186/s13059-025-03818-w,https://github.com/schroeder-group/ParaRef,,ceef2b17458f7e855f37039bdda88126574df3eb
prophaser,36377787,10.1093/bioinformatics/btac738,https://github.com/scicompuu/prophaser,,a4749c0f8b0b5eff7f4df4e99df9786d7b07e51b
BinDel,39921343,10.1002/pd.6758,https://github.com/seqinfo/BinDel,,2121eb8f355f45ba73472f13bbbcaac19b53e0be
RADSex,33590960,10.1111/1755-0998.13360,https://github.com/SexGenomicsToolkit/radsex,,841442d18c463f4b0d3a720e2664e589953befca
EyeLoop,34955752,10.3389/fncel.2021.779628,https://github.com/simonarvin/eyeloop,,cd22fb79e8d2c186ed23e2b15cef57887bbdeffe
Myotube Analyzer,35689270,10.1186/s13395-022-00297-6,https://github.com/SimonNoe/myotube-analyzer-app,,eef7b4c93d93ca6db7e0bf181d92cf854f34f626
CellexalVR,34849461,10.1016/j.isci.2021.103251,https://github.com/sonejilab/cellexalvr,,cee0b08b21b19975c4aa48a184c5f1b3421b9429
SoIR,39526372,10.1093/nar/gkae1040,https://github.com/songxm-ncst/SoIR-Synteny_HTML,,ace932cc073d5d8806cd34b36edae82ef93e7da6
Quandenser+Triqler,32591519,10.1038/s41467-020-17037-3,https://github.com/statisticalbiotechnology/quandenser,,1aec3997000dfedeeba695965777707d095dc167
STCellbin,38434932,10.46471/gigabyte.110,https://github.com/STOmics/STCellbin,,701e273064226f7e1df863a7c4be2bb9b8443616
OneFlowTraX,38708397,10.3389/fpls.2024.1358935,https://github.com/svenzok/OneFlowTraX,,f3206ea58539c5cfbb60e9b28f865175d2c05c1f
PhyloFisher,34358228,10.1371/journal.pbio.3001365,https://github.com/TheBrownLab/PhyloFisher,,5677cb3a05a0793e4c9b50f87d578e7ea6c17f22
ionmob,37540201,10.1093/bioinformatics/btad486,https://github.com/theGreatHerrLebert/ionmob,,2af2a270957ab4363567b978b48161b256e86980
NucleoSeeker,40104673,10.1093/nargab/lqaf021,https://github.com/theuutkarsh/nucleoseeker,,04af2d24401aedb6b1390b7f5dad08069197755e
seqNdisplayR,38502686,10.1016/j.xpro.2024.102960,https://github.com/THJlab/seqNdisplayR,,b2a21c7cd6633a6fc872b60af6be59e3e5ce18bb
Varia,35073845,10.1186/s12859-022-04573-6,https://github.com/ThomasDOtto/varDB/,,ba72ea07884469f203abcb7eae19ab3e0336c585
dsMTL,36073911,10.1093/bioinformatics/btac616,https://github.com/transbioZI/dsMTLBase,,000460eb4a81f8fdb6903d1ac44db2ad1b5f3489
Genesis-DB,37600845,10.1093/bioadv/vbad102,https://github.com/TW-Genesis/genesis-database-system,,82e568d7ccb48907ebb2d143457d5d2377da3908
HOMS-TC,37369033,10.1093/bioinformatics/btad404,https://github.com/tycheyoung/homs-tc,,62881da9205d3118388324540fd2c14178cd634f
CLIPPER 2.0,38703894,10.1016/j.mcpro.2024.100781,https://github.com/UadKLab/CLIPPER-2.0,,c893526af33b530e05f57dc349b01ef0f0d18094
TARDIS,40296498,10.1021/acs.analchem.5c00567,https://github.com/UGent-LIMET/TARDIS,,335bfbc4d96199af11a9d3153ae5eb61b34bdcf2
CCMetagen,32345331,10.1186/s13059-020-02014-2,https://github.com/vrmarcelino/CCMetagen,,600c38b2078c5752098e4f0c13a31b7a327fa2fe
NanoPack2,37171891,10.1093/bioinformatics/btad311,https://github.com/wdecoster/nanopack,,4059a0afa4e51220fd0107750ebc2d818996de97
18S-NemaBase,37143483,10.2478/jofnem-2023-0006,https://github.com/WormsEtAl/18SNemaBase,,608d3e3662bd844538bc78fbfdabf22c2d6af111
CoverM,40193404,10.1093/bioinformatics/btaf147,https://github.com/wwood/coverm,,b75eb6c90b00af4e8fdd6c691efdcc299e8c887c
GeneDMRs,33185472,10.1089/cmb.2020.0081,https://github.com/xiaowangCN/GeneDMRs,,5e8100965b5e9db18294bcf94167f90e2e51b588
MITST,40687991,10.1016/j.csbj.2025.06.039,https://github.com/zavareh89/MITST,,3c81a96248ca7244c7ff794ab29e2a5a5ed3f742
SNPtotree,37895186,10.3390/genes14101837,https://github.com/ZehraKoksal/SNPtotree,,ae4f3dc678f210355f2c84e58a8c8e255d886e43
OpenPhi,34358287,10.1093/bioinformatics/btab578,https://gitlab.com/BioimageInformaticsGroup/openphi,,0700b3856c13d0f07b99a14a595ec9fc016b6b3f
RGCode,33436866,10.1038/s41598-020-80308-y,https://gitlab.com/NCDRlab/rgcode,,16a0d77219cbad59a4d83a1281ff0adcb56ede85
MS2AI,34636883,,https://gitlab.com/roettgerlab/ms2ai,,8b413091d817fb15a7acc88a148dea52759f3664
Cancermuts,36243772,10.1038/s41419-022-05318-2,https://www.github.com/ELELAB/cancermuts,,b6e877879d66eaf4ac9f642d004a2807b4596e21
